{
  "palm_angle_difference": {
    "mean": -0.16840006797217674,
    "std": 42.56657000617538,
    "min": -173.62329288489252,
    "max": 175.79828384471617,
    "count": 1820
  },
  "ring_angle": {
    "mean": 0.26568782757843035,
    "std": 39.83907188752305,
    "min": -165.33093825630257,
    "max": 177.41531084199966,
    "count": 3791
  },
  "middle_tip_angle": {
    "mean": 0.023838312767877436,
    "std": 26.218033005727136,
    "min": -168.26442902367825,
    "max": 177.7491201499541,
    "count": 3791
  },
  "ring_tip_angle": {
    "mean": 0.029890842577347605,
    "std": 24.66295439375081,
    "min": -163.9009413969938,
    "max": 174.93869909053717,
    "count": 3791
  },
  "middle_angle": {
    "mean": 0.18761715582053334,
    "std": 38.08511338938112,
    "min": -178.2031022583662,
    "max": 176.3807576150933,
    "count": 3791
  },
  "palm_direction_angle": {
    "mean": -0.18284274948008908,
    "std": 20.687032183970533,
    "min": -162.51814931725494,
    "max": 153.80548806589928,
    "count": 3791
  },
  "finger_spread_ring_pinky": {
    "mean": 0.046180773845493725,
    "std": 8.915419047863237,
    "min": -156.82492006195687,
    "max": 142.52190105040546,
    "count": 3791
  },
  "wrist_connection_angle": {
    "mean": -3.9138315920051654,
    "std": 86.58907289747947,
    "min": -179.98553589381893,
    "max": 179.99499676301863,
    "count": 1820
  },
  "index_angle": {
    "mean": -0.019781224709163134,
    "std": 32.94631229947132,
    "min": -175.8561897990468,
    "max": 172.63390376668553,
    "count": 3791
  },
  "palm_base_angle": {
    "mean": -0.0972900323288524,
    "std": 27.026645236969458,
    "min": -171.75844518981535,
    "max": 162.80105488553474,
    "count": 3791
  },
  "finger_spread_middle_ring": {
    "mean": -0.07014717950865043,
    "std": 11.300459020464764,
    "min": -166.0157022016959,
    "max": 151.49988436466327,
    "count": 3791
  },
  "thumb_tip_angle": {
    "mean": 0.08227306505051606,
    "std": 13.943306890491463,
    "min": -141.9013883368533,
    "max": 157.47210616997017,
    "count": 3791
  },
  "index_tip_angle": {
    "mean": -0.05095894782385616,
    "std": 23.887116360132783,
    "min": -168.05175499186382,
    "max": 178.38639908274598,
    "count": 3791
  },
  "finger_spread_index_middle": {
    "mean": -0.16762374271425604,
    "std": 10.383081986909927,
    "min": -124.42024841610896,
    "max": 119.41279032751515,
    "count": 3791
  },
  "pinky_tip_angle": {
    "mean": 0.12167798760889008,
    "std": 26.89575430236635,
    "min": -167.29500201541202,
    "max": 174.28086223896346,
    "count": 3791
  },
  "thumb_angle": {
    "mean": 0.09095678558151406,
    "std": 13.702852073783548,
    "min": -157.7774251172302,
    "max": 111.94376181875525,
    "count": 3791
  },
  "pinky_angle": {
    "mean": 0.22376501705555338,
    "std": 38.8142857574868,
    "min": -174.37207761985604,
    "max": 175.86906706760217,
    "count": 3791
  }
}