{
  "finger_spread_index_middle": 0.12244556365692655,
  "finger_spread_middle_ring": 0.24459721440122015,
  "finger_spread_ring_pinky": 0.2443390790386985,
  "index_angle": 1.4321054665989583,
  "index_tip_angle": 1.3953440243524309,
  "middle_angle": 1.4594079348440347,
  "middle_tip_angle": 1.4088669396693525,
  "palm_angle_difference": 1.4781531751144044,
  "palm_base_angle": 1.4170661489106522,
  "palm_direction_angle": 1.39307675870409,
  "pinky_angle": 1.4664326701080097,
  "pinky_tip_angle": 1.415027245263797,
  "ring_angle": 1.4711023119092186,
  "ring_tip_angle": 1.4058851683442064,
  "thumb_angle": 0.24859820466316637,
  "thumb_tip_angle": 0.2493329651217073,
  "wrist_connection_angle": 0.14821912929912456
}