{
  "version": "1.0",
  "stage": "抻面",
  "thresholds": {
    "gloss": {
      "excellent": 4.5,
      "good": 3.5,
      "fair": 2.5,
      "poor": 2.062409423143478,
      "mean": 3.5,
      "std": 0.7187952884282609
    },
    "integrity": {
      "excellent": 4.5,
      "good": 3.5,
      "fair": 2.5,
      "poor": 2.1070677501034334,
      "mean": 3.6166666666666667,
      "std": 0.7547994582816168
    },
    "elasticity": {
      "excellent": 4.5,
      "good": 3.5,
      "fair": 2.5,
      "poor": 2.0131446039849297,
      "mean": 3.75,
      "std": 0.8684276980075352
    },
    "thickness": {
      "excellent": 4.5,
      "good": 3.5,
      "fair": 2.7286396920653315,
      "poor": 2.3826307005315535,
      "mean": 3.7666666666666666,
      "std": 0.6920179830675566
    },
    "coordination": {
      "excellent": 4.5,
      "good": 3.5,
      "fair": 2.8562886935251424,
      "poor": 2.5395677203991145,
      "mean": 3.806451612903226,
      "std": 0.6334419462520556
    },
    "angle": {
      "excellent": 4.5,
      "good": 3.6368717024425394,
      "fair": 3.0009376879727787,
      "poor": 2.682970680737899,
      "mean": 3.9548387096774196,
      "std": 0.6359340144697604
    },
    "action": {
      "excellent": 4.5,
      "good": 3.7305113482602548,
      "fair": 2.972179206071088,
      "poor": 2.593013134976504,
      "mean": 4.109677419354838,
      "std": 0.7583321421891671
    },
    "position": {
      "excellent": 4.5,
      "good": 3.6610712649705714,
      "fair": 3.152044963742883,
      "poor": 2.8975318131290386,
      "mean": 3.9155844155844157,
      "std": 0.5090263012276885
    },
    "tightness": {
      "excellent": 4.5,
      "good": 3.8056272673190397,
      "fair": 3.485847319198498,
      "poor": 3.325957345138227,
      "mean": 3.9655172413793105,
      "std": 0.31977994812054156
    },
    "uniformity": {
      "excellent": 4.5,
      "good": 3.5,
      "fair": 2.76727531955948,
      "poor": 2.4023441042402256,
      "mean": 3.8620689655172415,
      "std": 0.7298624306385079
    }
  },
  "statistics": {
    "gloss": {
      "mean": 3.5,
      "std": 0.7187952884282609,
      "min": 2.0,
      "max": 5.0,
      "median": 3.0,
      "q25": 3.0,
      "q75": 4.0,
      "count": 60,
      "distribution": {
        "1": 0,
        "2": 3,
        "3": 29,
        "4": 23,
        "5": 5
      }
    },
    "integrity": {
      "mean": 3.6166666666666667,
      "std": 0.7547994582816168,
      "min": 2.0,
      "max": 5.0,
      "median": 4.0,
      "q25": 3.0,
      "q75": 4.0,
      "count": 60,
      "distribution": {
        "1": 0,
        "2": 5,
        "3": 18,
        "4": 32,
        "5": 5
      }
    },
    "elasticity": {
      "mean": 3.75,
      "std": 0.8684276980075352,
      "min": 2.0,
      "max": 5.0,
      "median": 4.0,
      "q25": 3.0,
      "q75": 4.0,
      "count": 60,
      "distribution": {
        "1": 0,
        "2": 4,
        "3": 20,
        "4": 23,
        "5": 13
      }
    },
    "thickness": {
      "mean": 3.7666666666666666,
      "std": 0.6920179830675566,
      "min": 2.0,
      "max": 5.0,
      "median": 4.0,
      "q25": 3.0,
      "q75": 4.0,
      "count": 60,
      "distribution": {
        "1": 0,
        "2": 3,
        "3": 14,
        "4": 37,
        "5": 6
      }
    },
    "coordination": {
      "mean": 3.806451612903226,
      "std": 0.6334419462520556,
      "min": 2.0,
      "max": 5.0,
      "median": 4.0,
      "q25": 3.0,
      "q75": 4.0,
      "count": 155,
      "distribution": {
        "1": 0,
        "2": 1,
        "3": 46,
        "4": 90,
        "5": 18
      }
    },
    "angle": {
      "mean": 3.9548387096774196,
      "std": 0.6359340144697604,
      "min": 2.0,
      "max": 5.0,
      "median": 4.0,
      "q25": 4.0,
      "q75": 4.0,
      "count": 155,
      "distribution": {
        "1": 0,
        "2": 1,
        "3": 32,
        "4": 95,
        "5": 27
      }
    },
    "action": {
      "mean": 4.109677419354838,
      "std": 0.7583321421891671,
      "min": 3.0,
      "max": 5.0,
      "median": 4.0,
      "q25": 4.0,
      "q75": 5.0,
      "count": 155,
      "distribution": {
        "1": 0,
        "2": 0,
        "3": 37,
        "4": 64,
        "5": 54
      }
    },
    "position": {
      "mean": 3.9155844155844157,
      "std": 0.5090263012276885,
      "min": 3.0,
      "max": 5.0,
      "median": 4.0,
      "q25": 4.0,
      "q75": 4.0,
      "count": 154,
      "distribution": {
        "1": 0,
        "2": 0,
        "3": 27,
        "4": 113,
        "5": 14
      }
    },
    "tightness": {
      "mean": 3.9655172413793105,
      "std": 0.31977994812054156,
      "min": 3.0,
      "max": 5.0,
      "median": 4.0,
      "q25": 4.0,
      "q75": 4.0,
      "count": 29,
      "distribution": {
        "1": 0,
        "2": 0,
        "3": 2,
        "4": 26,
        "5": 1
      }
    },
    "uniformity": {
      "mean": 3.8620689655172415,
      "std": 0.7298624306385079,
      "min": 3.0,
      "max": 5.0,
      "median": 4.0,
      "q25": 3.0,
      "q75": 4.0,
      "count": 29,
      "distribution": {
        "1": 0,
        "2": 0,
        "3": 10,
        "4": 13,
        "5": 6
      }
    }
  },
  "weights": {
    "noodle_rope": {
      "thickness": 0.3,
      "elasticity": 0.25,
      "gloss": 0.2,
      "integrity": 0.25
    },
    "hand": {
      "position": 0.25,
      "action": 0.3,
      "angle": 0.2,
      "coordination": 0.25
    },
    "noodle_bundle": {
      "tightness": 0.5,
      "uniformity": 0.5
    }
  },
  "overall_weights": {
    "noodle_rope": 0.6,
    "hand": 0.3,
    "noodle_bundle": 0.1
  }
}