{
  "cm1": {
    "total_frames": 2798,
    "dtw_distance": 0.0,
    "dtw_score": 5.0,
    "hand_score": 2.7782929336165,
    "total_score": 3.7058489664113017
  }
}